res_id,sec_type,phi,psi,area,resolution,Rvalue,heavy_atom_counts,occupancy_values,packing_density1,packing_density2,packing_density3,B-factor
5,5,360.0,-172.66,95.0,1.1,0.147,110.0,1.0,0.03636363636363636,0.03636363636363636,0.08181818181818182,6.79
1,2,-49.61,-45.97,26.3,1.1,0.147,110.0,1.0,0.07272727272727272,0.1,0.18181818181818182,5.17
1,2,-70.03,-11.49,70.2,1.1,0.147,110.0,1.0,0.07272727272727272,0.13636363636363635,0.21818181818181817,5.24
15,2,-105.11,4.17,110.4,1.1,0.147,110.0,1.0,0.07272727272727272,0.09090909090909091,0.17272727272727273,7.14
9,5,-115.48,103.64,99.6,1.1,0.147,110.0,1.0,0.08181818181818182,0.15454545454545454,0.24545454545454545,6.46
12,3,-39.41,-52.74,101.8,1.1,0.147,110.0,1.0,0.08181818181818182,0.1,0.19090909090909092,6.85
12,3,-58.53,-37.67,86.6,1.1,0.147,110.0,1.0,0.08181818181818182,0.1,0.19090909090909092,8.29
1,3,-73.55,-44.4,35.7,1.1,0.147,110.0,1.0,0.07272727272727272,0.15454545454545454,0.23636363636363636,5.71
0,3,-59.15,-38.39,27.7,1.1,0.147,110.0,1.0,0.06363636363636363,0.2,0.2727272727272727,6.41
9,3,-61.47,-39.41,144.8,1.1,0.147,110.0,1.0,0.07272727272727272,0.13636363636363635,0.21818181818181817,7.56
15,3,-87.11,-8.07,94.0,1.1,0.147,110.0,1.0,0.07272727272727272,0.13636363636363635,0.21818181818181817,6.98
11,3,-132.8,56.89,64.9,1.1,0.147,110.0,1.0,0.08181818181818182,0.16363636363636364,0.2545454545454545,5.14
12,6,-61.4,-43.57,81.8,1.1,0.147,110.0,1.0,0.08181818181818182,0.10909090909090909,0.2,5.25
2,6,-72.99,-31.24,164.0,1.1,0.147,110.0,1.0,0.08181818181818182,0.1,0.19090909090909092,6.75
19,6,-66.13,-45.53,183.0,1.1,0.147,110.0,1.0,0.07272727272727272,0.12727272727272726,0.20909090909090908,6.05
1,5,-80.21,360.0,72.2,1.1,0.147,110.0,1.0,0.06363636363636363,0.10909090909090909,0.18181818181818182,6.46
