res_id,sec_type,phi,psi,area,resolution,Rvalue,heavy_atom_counts,occupancy_values,packing_density1,packing_density2,packing_density3,B-factor
1,6,360.0,-20.92,82.8,0.89,0.073,76.0,1.0,0.07894736842105263,0.17105263157894737,0.2631578947368421,0.06
3,6,-61.98,-18.22,169.8,0.89,0.073,76.0,1.0,0.10526315789473684,0.14473684210526316,0.2631578947368421,0.07
9,6,-108.05,15.87,137.7,0.89,0.073,76.0,1.0,0.10526315789473684,0.17105263157894737,0.2894736842105263,0.06
1,6,45.88,48.22,73.5,0.89,0.073,76.0,1.0,0.10526315789473684,0.21052631578947367,0.32894736842105265,0.05
1,6,-74.78,-13.46,100.0,0.89,0.073,76.0,1.0,0.10526315789473684,0.13157894736842105,0.25,0.05
11,6,-140.57,140.5,93.4,0.89,0.073,76.0,1.0,0.11842105263157894,0.19736842105263158,0.32894736842105265,0.05
12,6,-68.99,-13.98,112.9,0.89,0.073,76.0,1.0,0.11842105263157894,0.11842105263157894,0.25,0.07
5,6,-83.63,-5.05,64.2,0.89,0.073,76.0,1.0,0.07894736842105263,0.14473684210526316,0.23684210526315788,0.07
1,6,-61.92,133.24,10.0,0.89,0.073,76.0,1.0,0.10526315789473684,0.19736842105263158,0.3157894736842105,0.06
0,5,-62.58,131.16,102.6,0.89,0.073,76.0,1.0,0.09210526315789473,0.10526315789473684,0.21052631578947367,0.07
5,5,93.28,-13.37,87.6,0.89,0.073,76.0,1.0,0.07894736842105263,0.13157894736842105,0.2236842105263158,0.15
1,5,-115.64,360.0,81.5,0.89,0.073,76.0,1.0,0.10526315789473684,0.11842105263157894,0.23684210526315788,0.07
