res_id,sec_type,phi,psi,area,resolution,Rvalue,heavy_atom_counts,occupancy_values,packing_density1,packing_density2,packing_density3,B-factor
1,6,360.0,-29.8,90.9,0.89,0.088,77.0,1.0,0.07792207792207792,0.12987012987012986,0.22077922077922077,0.05
3,6,-61.69,-18.52,191.8,0.89,0.088,77.0,1.0,0.1038961038961039,0.14285714285714285,0.2597402597402597,0.06
9,6,-104.74,6.85,157.8,0.89,0.088,77.0,1.0,0.1038961038961039,0.14285714285714285,0.2597402597402597,0.05
1,6,49.85,50.65,67.7,0.89,0.088,77.0,1.0,0.1038961038961039,0.2077922077922078,0.3246753246753247,0.05
1,6,-78.17,-10.15,105.1,0.89,0.088,77.0,1.0,0.1038961038961039,0.11688311688311688,0.23376623376623376,0.06
11,6,-142.29,148.53,87.6,0.89,0.088,77.0,1.0,0.11688311688311688,0.18181818181818182,0.3116883116883117,0.07
12,6,-60.37,-26.36,102.6,0.89,0.088,77.0,1.0,0.11688311688311688,0.15584415584415584,0.2857142857142857,0.1
0,6,-72.88,-8.43,90.7,0.89,0.088,77.0,1.0,0.09090909090909091,0.14285714285714285,0.24675324675324675,0.08
1,6,-71.86,148.78,10.1,0.89,0.088,77.0,1.0,0.1038961038961039,0.19480519480519481,0.3116883116883117,0.06
0,5,-62.78,138.88,99.5,0.89,0.088,77.0,1.0,0.09090909090909091,0.09090909090909091,0.19480519480519481,0.06
5,5,77.45,9.59,84.5,0.89,0.088,77.0,1.0,0.07792207792207792,0.12987012987012986,0.22077922077922077,0.05
1,5,-119.06,360.0,83.4,0.89,0.088,77.0,1.0,0.1038961038961039,0.11688311688311688,0.23376623376623376,0.06
