res_id,sec_type,phi,psi,area,resolution,Rvalue,heavy_atom_counts,occupancy_values,packing_density1,packing_density2,packing_density3,B-factor
7,5,360.0,164.9,169.9,0.75,0.1145,90.0,1.0,0.07777777777777778,0.1,0.18888888888888888,8.68
1,1,-158.2,86.54,39.9,0.75,0.1145,90.0,1.0,0.08888888888888889,0.15555555555555556,0.25555555555555554,5.22
1,5,-99.24,66.17,72.9,0.75,0.1145,90.0,1.0,0.08888888888888889,0.2111111111111111,0.3111111111111111,4.12
11,5,-158.51,135.88,88.2,0.75,0.1145,90.0,1.0,0.08888888888888889,0.2111111111111111,0.3111111111111111,4.47
12,2,-58.32,-26.34,103.7,0.75,0.1145,90.0,1.0,0.1,0.13333333333333333,0.24444444444444444,5.18
0,2,-64.72,-17.47,93.6,0.75,0.1145,90.0,1.0,0.07777777777777778,0.12222222222222222,0.2111111111111111,5.45
1,2,-64.42,-18.92,18.8,0.75,0.1145,90.0,1.0,0.08888888888888889,0.16666666666666666,0.26666666666666666,5.27
5,2,60.2,-125.06,40.0,0.75,0.1145,90.0,1.0,0.06666666666666667,0.15555555555555556,0.23333333333333334,6.64
12,2,-64.86,-14.73,141.2,0.75,0.1145,90.0,1.0,0.1,0.1,0.2111111111111111,5.95
8,2,-85.62,-1.24,155.2,0.75,0.1145,90.0,1.0,0.08888888888888889,0.17777777777777778,0.2777777777777778,5.75
19,5,-55.89,129.55,124.9,0.75,0.1145,90.0,1.0,0.08888888888888889,0.23333333333333334,0.3333333333333333,5.14
15,1,-167.5,139.67,54.2,0.75,0.1145,90.0,1.0,0.08888888888888889,0.2,0.3,6.08
1,5,-125.86,360.0,91.3,0.75,0.1145,90.0,1.0,0.07777777777777778,0.12222222222222222,0.2111111111111111,7.11
