res_id,sec_type,phi,psi,area,resolution,Rvalue,heavy_atom_counts,occupancy_values,packing_density1,packing_density2,packing_density3,B-factor
3,3,360.0,-47.68,168.3,1.45,0.166,138.0,1.0,0.043478260869565216,0.07971014492753623,0.13043478260869565,16.97
3,3,-50.63,-59.75,137.9,1.45,0.166,138.0,1.0,0.057971014492753624,0.08695652173913043,0.15217391304347827,14.99
9,3,-71.02,-34.43,107.6,1.45,0.166,138.0,1.0,0.057971014492753624,0.10869565217391304,0.17391304347826086,13.04
14,3,-59.25,-46.49,161.3,1.45,0.166,138.0,1.0,0.057971014492753624,0.13043478260869565,0.1956521739130435,11.09
14,3,-65.0,-38.15,39.3,1.45,0.166,138.0,1.0,0.057971014492753624,0.15217391304347827,0.21739130434782608,13.88
14,3,-66.59,-41.2,152.3,1.45,0.166,138.0,1.0,0.057971014492753624,0.13043478260869565,0.1956521739130435,11.93
7,3,-60.17,-47.12,89.2,1.45,0.166,138.0,1.0,0.06521739130434782,0.13043478260869565,0.2028985507246377,9.5
3,3,-57.13,-37.87,64.1,1.45,0.166,138.0,1.0,0.057971014492753624,0.17391304347826086,0.2391304347826087,10.32
3,3,-69.96,-38.93,81.8,1.45,0.166,138.0,1.0,0.057971014492753624,0.15942028985507245,0.2246376811594203,13.66
9,3,-64.05,-40.12,104.0,1.45,0.166,138.0,1.0,0.057971014492753624,0.13043478260869565,0.1956521739130435,12.13
3,3,-63.07,-39.64,88.4,1.45,0.166,138.0,1.0,0.057971014492753624,0.15217391304347827,0.21739130434782608,12.23
14,3,-58.37,-39.65,171.9,1.45,0.166,138.0,1.0,0.057971014492753624,0.10869565217391304,0.17391304347826086,16.18
14,3,-76.16,-33.07,177.5,1.45,0.166,138.0,1.0,0.057971014492753624,0.10869565217391304,0.17391304347826086,19.86
7,3,-100.7,-42.26,130.6,1.45,0.166,138.0,1.0,0.06521739130434782,0.09420289855072464,0.16666666666666666,20.82
14,5,-112.23,360.0,244.1,1.45,0.166,138.0,1.0,0.050724637681159424,0.057971014492753624,0.11594202898550725,19.67
