res_id,sec_type,phi,psi,area,resolution,Rvalue,heavy_atom_counts,occupancy_values,packing_density1,packing_density2,packing_density3,B-factor
3,5,360.0,158.21,193.4,1.2,0.178,96.0,1.0,0.0625,0.09375,0.16666666666666666,25.34
1,1,-146.99,99.48,38.0,1.2,0.178,96.0,1.0,0.08333333333333333,0.14583333333333334,0.23958333333333334,7.19
1,5,-104.55,-4.68,52.8,1.2,0.178,96.0,1.0,0.08333333333333333,0.16666666666666666,0.2604166666666667,7.35
11,5,-82.66,147.88,105.9,1.2,0.178,96.0,1.0,0.09375,0.14583333333333334,0.25,6.97
12,2,-54.77,-35.96,128.2,1.2,0.178,96.0,1.0,0.09375,0.08333333333333333,0.1875,8.01
0,2,-63.09,-13.51,101.5,1.2,0.178,96.0,1.0,0.07291666666666667,0.10416666666666667,0.1875,8.61
1,2,-60.85,-30.61,11.8,1.2,0.178,96.0,1.0,0.08333333333333333,0.16666666666666666,0.2604166666666667,6.73
5,2,54.31,-124.42,47.3,1.2,0.178,96.0,1.0,0.0625,0.125,0.19791666666666666,8.76
14,2,-63.54,-14.24,225.5,1.2,0.178,96.0,1.0,0.08333333333333333,0.11458333333333333,0.20833333333333334,7.92
6,2,-94.48,2.59,110.7,1.2,0.178,96.0,1.0,0.08333333333333333,0.17708333333333334,0.2708333333333333,6.41
19,5,-55.79,128.78,135.6,1.2,0.178,96.0,1.0,0.08333333333333333,0.25,0.34375,6.6
15,1,-159.19,104.19,77.8,1.2,0.178,96.0,1.0,0.08333333333333333,0.14583333333333334,0.23958333333333334,9.13
1,5,-140.65,360.0,82.6,1.2,0.178,96.0,1.0,0.07291666666666667,0.16666666666666666,0.25,8.32
