res_id,sec_type,phi,psi,area,resolution,Rvalue,heavy_atom_counts,occupancy_values,packing_density1,packing_density2,packing_density3,B-factor
3,5,360.0,116.48,242.0,1.45,0.185,157.0,1.0,0.03821656050955414,0.044585987261146494,0.08917197452229299,21.08
3,5,-86.53,157.64,137.9,1.45,0.185,157.0,1.0,0.050955414012738856,0.06369426751592357,0.12101910828025478,17.49
2,5,-109.2,112.31,88.3,1.45,0.185,157.0,1.0,0.06369426751592357,0.07006369426751592,0.14012738853503184,13.54
12,3,-63.49,-27.99,93.2,1.45,0.185,157.0,1.0,0.05732484076433121,0.08280254777070063,0.1464968152866242,10.76
2,3,-72.3,-35.44,127.8,1.45,0.185,157.0,1.0,0.05732484076433121,0.10191082802547771,0.16560509554140126,9.21
9,3,-62.28,-49.75,105.2,1.45,0.185,157.0,1.0,0.050955414012738856,0.11464968152866242,0.17197452229299362,9.52
8,3,-63.82,-40.66,86.2,1.45,0.185,157.0,1.0,0.050955414012738856,0.1337579617834395,0.1910828025477707,10.12
0,3,-65.2,-39.04,46.5,1.45,0.185,157.0,1.0,0.044585987261146494,0.12101910828025478,0.17197452229299362,10.14
0,3,-66.64,-39.76,55.2,1.45,0.185,157.0,1.0,0.044585987261146494,0.09554140127388536,0.1464968152866242,9.79
7,3,-69.91,-42.94,98.8,1.45,0.185,157.0,1.0,0.05732484076433121,0.10828025477707007,0.17197452229299362,9.39
13,3,-57.62,-43.44,103.1,1.45,0.185,157.0,0.5,0.050955414012738856,0.14012738853503184,0.19745222929936307,10.84
3,3,-61.47,-43.89,84.6,1.45,0.185,157.0,1.0,0.050955414012738856,0.14012738853503184,0.19745222929936307,10.67
15,3,-54.08,-42.01,76.1,1.45,0.185,157.0,0.5,0.050955414012738856,0.11464968152866242,0.17197452229299362,9.62
9,3,-65.85,-43.69,124.1,1.45,0.185,157.0,1.0,0.050955414012738856,0.10191082802547771,0.1592356687898089,11.6
14,3,-63.35,-41.91,135.6,1.45,0.185,157.0,1.0,0.050955414012738856,0.10191082802547771,0.1592356687898089,12.7
3,3,-62.2,-40.11,89.9,1.45,0.185,157.0,1.0,0.050955414012738856,0.14012738853503184,0.19745222929936307,11.37
0,3,-66.68,-32.65,68.3,1.45,0.185,157.0,1.0,0.044585987261146494,0.08917197452229299,0.14012738853503184,13.05
3,3,-70.07,-17.38,159.1,1.45,0.185,157.0,1.0,0.050955414012738856,0.09554140127388536,0.15286624203821655,17.45
3,3,-70.45,-23.68,133.4,1.45,0.185,157.0,1.0,0.050955414012738856,0.09554140127388536,0.15286624203821655,18.81
0,5,-66.21,360.0,150.0,1.45,0.185,157.0,1.0,0.044585987261146494,0.044585987261146494,0.09554140127388536,21.72
