res_id,sec_type,phi,psi,area,resolution,Rvalue,heavy_atom_counts,occupancy_values,packing_density1,packing_density2,packing_density3,B-factor
3,5,360.0,171.64,170.7,1.5,0.17,153.0,1.0,0.0392156862745098,0.058823529411764705,0.10457516339869281,16.1
13,3,-58.89,-42.74,178.0,1.5,0.17,153.0,1.0,0.05228758169934641,0.08496732026143791,0.1437908496732026,11.96
9,3,-58.3,-44.55,116.7,1.5,0.17,153.0,1.0,0.05228758169934641,0.0915032679738562,0.1503267973856209,8.75
9,3,-62.71,-46.95,83.2,1.5,0.17,153.0,1.0,0.058823529411764705,0.11764705882352941,0.1830065359477124,8.11
8,3,-63.17,-34.55,126.0,1.5,0.17,153.0,1.0,0.058823529411764705,0.11764705882352941,0.1830065359477124,6.5
0,3,-65.97,-48.64,46.4,1.5,0.17,153.0,1.0,0.0457516339869281,0.09803921568627451,0.1503267973856209,7.01
9,3,-59.31,-44.9,83.2,1.5,0.17,153.0,1.0,0.05228758169934641,0.12418300653594772,0.1830065359477124,5.53
3,3,-57.67,-45.63,110.3,1.5,0.17,153.0,1.0,0.05228758169934641,0.11764705882352941,0.17647058823529413,5.46
4,3,-64.62,-45.54,117.2,1.5,0.17,153.0,1.0,0.05228758169934641,0.12418300653594772,0.1830065359477124,5.79
9,3,-65.16,-42.62,106.6,1.5,0.17,153.0,1.0,0.05228758169934641,0.13071895424836602,0.1895424836601307,6.06
9,3,-66.96,-36.45,102.3,1.5,0.17,153.0,1.0,0.05228758169934641,0.11764705882352941,0.17647058823529413,6.27
8,3,-59.45,-43.36,90.4,1.5,0.17,153.0,1.0,0.05228758169934641,0.11764705882352941,0.17647058823529413,7.33
3,3,-65.32,-38.35,66.6,1.5,0.17,153.0,1.0,0.05228758169934641,0.13071895424836602,0.1895424836601307,8.79
9,3,-67.22,-43.18,116.6,1.5,0.17,153.0,1.0,0.05228758169934641,0.13071895424836602,0.1895424836601307,8.04
9,3,-61.46,-33.14,120.6,1.5,0.17,153.0,1.0,0.05228758169934641,0.1111111111111111,0.16993464052287582,10.68
3,3,-63.29,-16.83,122.9,1.5,0.17,153.0,1.0,0.05228758169934641,0.10457516339869281,0.16339869281045752,13.94
8,5,-87.63,-4.66,168.3,1.5,0.17,153.0,1.0,0.05228758169934641,0.0915032679738562,0.1503267973856209,12.65
9,5,-88.62,360.0,202.4,1.5,0.17,153.0,1.0,0.05228758169934641,0.058823529411764705,0.11764705882352941,11.99
