res_id,sec_type,phi,psi,area,resolution,Rvalue,heavy_atom_counts,occupancy_values,packing_density1,packing_density2,packing_density3,B-factor
5,5,360.0,166.65,92.1,1.1,0.127,109.0,1.0,0.03669724770642202,0.045871559633027525,0.09174311926605505,9.54
1,2,-46.23,-53.32,31.6,1.1,0.127,109.0,1.0,0.07339449541284404,0.11009174311926606,0.1926605504587156,7.39
1,2,-67.21,-14.16,67.0,1.1,0.127,109.0,1.0,0.07339449541284404,0.13761467889908258,0.22018348623853212,5.78
15,2,-101.47,-4.58,102.2,1.1,0.127,109.0,1.0,0.07339449541284404,0.08256880733944955,0.1651376146788991,5.98
9,5,-104.4,112.11,99.4,1.1,0.127,109.0,1.0,0.08256880733944955,0.1651376146788991,0.25688073394495414,5.71
12,3,-39.57,-56.26,99.0,1.1,0.127,109.0,1.0,0.08256880733944955,0.10091743119266056,0.1926605504587156,6.46
12,3,-59.78,-37.66,81.8,1.1,0.127,109.0,1.0,0.08256880733944955,0.11009174311926606,0.2018348623853211,7.6
1,3,-72.63,-46.15,35.4,1.1,0.127,109.0,1.0,0.07339449541284404,0.1651376146788991,0.24770642201834864,5.5
0,3,-58.03,-45.02,28.4,1.1,0.127,109.0,1.0,0.06422018348623854,0.1834862385321101,0.25688073394495414,4.89
0,3,-65.48,-30.75,78.3,1.1,0.127,109.0,1.0,0.06422018348623854,0.11009174311926606,0.1834862385321101,9.11
11,3,-87.52,-7.72,125.1,1.1,0.127,109.0,1.0,0.08256880733944955,0.14678899082568808,0.23853211009174313,9.66
11,6,-135.03,57.84,61.1,1.1,0.127,109.0,1.0,0.08256880733944955,0.1651376146788991,0.25688073394495414,5.88
12,6,-63.68,-26.5,99.2,1.1,0.127,109.0,1.0,0.08256880733944955,0.10091743119266056,0.1926605504587156,6.46
2,6,-65.06,-37.09,140.9,1.1,0.127,109.0,1.0,0.08256880733944955,0.11009174311926606,0.2018348623853211,6.21
19,6,-87.09,-46.38,182.1,1.1,0.127,109.0,1.0,0.07339449541284404,0.14678899082568808,0.22935779816513763,5.75
1,5,-80.22,360.0,70.7,1.1,0.127,109.0,1.0,0.06422018348623854,0.10091743119266056,0.1743119266055046,6.31
