res_id,sec_type,phi,psi,area,resolution,Rvalue,heavy_atom_counts,occupancy_values,packing_density1,packing_density2,packing_density3,B-factor
5,5,360.0,360.0,103.7,1.05,0.125,66.0,1.0,0.045454545454545456,0.07575757575757576,0.13636363636363635,11.14
0,5,360.0,360.0,139.2,1.05,0.125,66.0,1.0,0.06060606060606061,0.030303030303030304,0.10606060606060606,9.96
0,5,360.0,360.0,134.0,1.05,0.125,66.0,1.0,0.06060606060606061,0.045454545454545456,0.12121212121212122,6.26
0,5,360.0,-0.94,123.8,1.05,0.125,66.0,1.0,0.07575757575757576,0.07575757575757576,0.16666666666666666,8.66
5,5,-67.47,-24.74,59.3,1.05,0.125,66.0,1.0,0.09090909090909091,0.13636363636363635,0.24242424242424243,10.78
5,6,67.39,36.42,81.1,1.05,0.125,66.0,1.0,0.09090909090909091,0.10606060606060606,0.21212121212121213,17.0
5,6,166.16,-165.83,50.1,1.05,0.125,66.0,1.0,0.09090909090909091,0.10606060606060606,0.21212121212121213,13.58
5,6,-58.4,360.0,85.4,1.05,0.125,66.0,1.0,0.07575757575757576,0.09090909090909091,0.18181818181818182,11.14
0,6,360.0,-24.0,67.8,1.05,0.125,66.0,1.0,0.07575757575757576,0.15151515151515152,0.24242424242424243,7.08
9,6,-61.57,360.0,141.1,1.05,0.125,66.0,1.0,0.10606060606060606,0.16666666666666666,0.2878787878787879,6.22
0,6,360.0,-21.26,84.2,1.05,0.125,66.0,1.0,0.07575757575757576,0.12121212121212122,0.21212121212121213,6.28
9,6,-57.25,360.0,170.0,1.05,0.125,66.0,1.0,0.10606060606060606,0.12121212121212122,0.24242424242424243,6.81
0,5,360.0,360.0,109.1,1.05,0.125,66.0,1.0,0.06060606060606061,0.12121212121212122,0.19696969696969696,7.89
