res_id,sec_type,phi,psi,area,resolution,Rvalue,heavy_atom_counts,occupancy_values,packing_density1,packing_density2,packing_density3,B-factor
19,6,360.0,167.07,114.8,1.04,0.088,124.0,1.0,0.04838709677419355,0.10483870967741936,0.16129032258064516,0.05
7,6,-54.1,120.21,161.2,1.04,0.088,124.0,1.0,0.07258064516129033,0.07258064516129033,0.1532258064516129,0.06
13,6,57.74,24.08,194.0,1.04,0.088,124.0,1.0,0.07258064516129033,0.0967741935483871,0.1774193548387097,0.06
11,6,-150.42,74.51,93.8,1.04,0.088,124.0,1.0,0.07258064516129033,0.11290322580645161,0.1935483870967742,0.05
1,5,-145.07,98.32,62.0,1.04,0.088,124.0,1.0,0.07258064516129033,0.10483870967741936,0.18548387096774194,0.07
12,5,-78.12,-7.73,107.9,1.04,0.088,124.0,1.0,0.07258064516129033,0.056451612903225805,0.13709677419354838,0.06
9,5,-72.56,-40.58,145.0,1.04,0.088,124.0,1.0,0.06451612903225806,0.0967741935483871,0.1693548387096774,0.06
5,5,170.24,360.0,95.1,1.04,0.088,124.0,1.0,0.04032258064516129,0.056451612903225805,0.10483870967741936,0.1
19,6,360.0,164.51,113.1,1.04,0.088,124.0,1.0,0.04838709677419355,0.10483870967741936,0.16129032258064516,0.04
7,6,-65.56,125.07,164.9,1.04,0.088,124.0,1.0,0.07258064516129033,0.07258064516129033,0.1532258064516129,0.05
13,6,56.53,28.67,191.6,1.04,0.088,124.0,1.0,0.07258064516129033,0.0967741935483871,0.1774193548387097,0.07
11,6,-157.93,65.24,109.8,1.04,0.088,124.0,1.0,0.07258064516129033,0.10483870967741936,0.18548387096774194,0.05
1,6,-127.85,97.58,62.1,1.04,0.088,124.0,1.0,0.07258064516129033,0.10483870967741936,0.18548387096774194,0.04
12,5,-72.86,-11.84,105.8,1.04,0.088,124.0,1.0,0.07258064516129033,0.056451612903225805,0.13709677419354838,0.05
9,5,-77.27,-32.82,142.2,1.04,0.088,124.0,1.0,0.06451612903225806,0.0967741935483871,0.1693548387096774,0.06
5,5,-176.02,360.0,96.1,1.04,0.088,124.0,1.0,0.04032258064516129,0.056451612903225805,0.10483870967741936,0.09
