res_id,sec_type,phi,psi,area,resolution,Rvalue,heavy_atom_counts,occupancy_values,packing_density1,packing_density2,packing_density3,B-factor
19,6,360.0,169.22,218.9,1.2,0.1,62.0,1.0,0.0967741935483871,0.20967741935483872,0.3225806451612903,0.07
7,6,-76.25,115.96,166.3,1.2,0.1,62.0,1.0,0.14516129032258066,0.14516129032258066,0.3064516129032258,0.09
13,6,66.81,27.66,192.2,1.2,0.1,62.0,1.0,0.12903225806451613,0.20967741935483872,0.3548387096774194,0.08
11,6,-154.94,63.68,107.0,1.2,0.1,62.0,1.0,0.14516129032258066,0.24193548387096775,0.4032258064516129,0.1
1,6,-126.16,95.34,63.7,1.2,0.1,62.0,1.0,0.14516129032258066,0.1774193548387097,0.3387096774193548,0.07
12,5,-78.28,-7.26,125.8,1.2,0.1,62.0,1.0,0.14516129032258066,0.11290322580645161,0.27419354838709675,0.08
9,5,-75.67,-36.5,169.3,1.2,0.1,62.0,1.0,0.12903225806451613,0.1935483870967742,0.3387096774193548,0.09
5,5,167.58,360.0,93.9,1.2,0.1,62.0,1.0,0.08064516129032258,0.11290322580645161,0.20967741935483872,0.13
