res_id,sec_type,phi,psi,area,resolution,Rvalue,heavy_atom_counts,occupancy_values,packing_density1,packing_density2,packing_density3,B-factor
11,5,360.0,150.7,229.5,1.3,0.102,55.0,1.0,0.10909090909090909,0.09090909090909091,0.21818181818181817,4.52
11,5,-129.36,129.23,125.8,1.3,0.102,55.0,1.0,0.16363636363636364,0.14545454545454545,0.32727272727272727,4.73
13,5,-131.16,121.0,158.6,1.3,0.102,55.0,1.0,0.14545454545454545,0.2545454545454545,0.41818181818181815,4.34
13,5,-122.92,128.41,112.6,1.3,0.102,55.0,1.0,0.14545454545454545,0.2909090909090909,0.45454545454545453,5.0
11,5,-120.94,101.86,124.5,1.3,0.102,55.0,1.0,0.14545454545454545,0.2,0.36363636363636365,5.29
19,5,-86.14,360.0,252.8,1.3,0.102,55.0,1.0,0.14545454545454545,0.12727272727272726,0.2909090909090909,6.06
