res_id,sec_type,phi,psi,area,resolution,Rvalue,heavy_atom_counts,occupancy_values,packing_density1,packing_density2,packing_density3,B-factor
15,5,360.0,153.01,171.6,0.85,0.073,51.0,1.0,0.11764705882352941,0.11764705882352941,0.2549019607843137,1.52
11,5,-132.05,140.76,162.6,0.85,0.073,51.0,1.0,0.1568627450980392,0.17647058823529413,0.35294117647058826,1.29
13,5,-131.64,126.63,150.9,0.85,0.073,51.0,1.0,0.1568627450980392,0.19607843137254902,0.37254901960784315,1.02
11,5,-108.8,125.29,128.8,0.85,0.073,51.0,1.0,0.17647058823529413,0.23529411764705882,0.43137254901960786,1.23
11,5,-118.08,96.68,123.5,0.85,0.073,51.0,1.0,0.17647058823529413,0.19607843137254902,0.39215686274509803,1.13
4,5,-80.5,360.0,254.1,0.85,0.073,51.0,1.0,0.1568627450980392,0.13725490196078433,0.3137254901960784,1.58
