res_id,sec_type,phi,psi,area,resolution,Rvalue,heavy_atom_counts,occupancy_values,packing_density1,packing_density2,packing_density3,B-factor
9,5,360.0,126.9,212.4,1.0,0.146,58.0,1.0,0.10344827586206896,0.1206896551724138,0.2413793103448276,5.04
17,5,-133.02,130.21,130.9,1.0,0.146,58.0,1.0,0.15517241379310345,0.15517241379310345,0.3275862068965517,3.13
3,5,-116.73,118.57,188.4,1.0,0.146,58.0,0.5,0.13793103448275862,0.1724137931034483,0.3275862068965517,3.42
0,5,-133.82,139.62,56.8,1.0,0.146,58.0,1.0,0.1206896551724138,0.1896551724137931,0.3275862068965517,3.09
9,5,-135.19,124.83,147.1,1.0,0.146,58.0,1.0,0.13793103448275862,0.1896551724137931,0.3448275862068966,3.3
19,5,-126.12,122.71,197.5,1.0,0.146,58.0,1.0,0.13793103448275862,0.2413793103448276,0.39655172413793105,3.08
9,5,-146.62,360.0,216.3,1.0,0.146,58.0,1.0,0.13793103448275862,0.08620689655172414,0.2413793103448276,6.08
