res_id,sec_type,phi,psi,area,resolution,Rvalue,heavy_atom_counts,occupancy_values,packing_density1,packing_density2,packing_density3,B-factor
5,5,360.0,164.61,72.8,1.15,0.149,86.0,1.0,0.046511627906976744,0.11627906976744186,0.1744186046511628,4.34
19,4,-154.64,149.86,193.2,1.15,0.149,86.0,1.0,0.09302325581395349,0.1744186046511628,0.27906976744186046,2.49
10,4,-140.0,134.57,125.6,1.15,0.149,86.0,0.5,0.09302325581395349,0.1744186046511628,0.27906976744186046,2.15
9,4,-158.0,162.12,102.7,1.15,0.149,86.0,1.0,0.09302325581395349,0.20930232558139536,0.313953488372093,2.39
5,4,-168.37,161.7,21.4,1.15,0.149,86.0,1.0,0.06976744186046512,0.19767441860465115,0.27906976744186046,3.16
15,5,-150.29,360.0,177.3,1.15,0.149,86.0,1.0,0.09302325581395349,0.046511627906976744,0.1511627906976744,6.39
5,5,360.0,-160.35,97.9,1.15,0.149,86.0,1.0,0.046511627906976744,0.13953488372093023,0.19767441860465115,7.98
19,4,-147.04,153.14,155.8,1.15,0.149,86.0,1.0,0.09302325581395349,0.1511627906976744,0.2558139534883721,2.76
10,4,-147.55,141.22,162.6,1.15,0.149,86.0,1.0,0.09302325581395349,0.18604651162790697,0.29069767441860467,2.39
9,4,-135.57,129.98,93.7,1.15,0.149,86.0,1.0,0.09302325581395349,0.13953488372093023,0.2441860465116279,2.79
5,4,-125.02,140.67,66.0,1.15,0.149,86.0,1.0,0.06976744186046512,0.16279069767441862,0.2441860465116279,2.62
15,5,-145.75,360.0,140.7,1.15,0.149,86.0,1.0,0.09302325581395349,0.06976744186046512,0.1744186046511628,5.4
