res_id,sec_type,phi,psi,area,resolution,Rvalue,heavy_atom_counts,occupancy_values,packing_density1,packing_density2,packing_density3,B-factor
5,5,360.0,164.42,77.3,1.29,0.143,76.0,1.0,0.05263157894736842,0.11842105263157894,0.18421052631578946,6.76
0,4,-154.09,153.63,58.6,1.29,0.143,76.0,1.0,0.09210526315789473,0.19736842105263158,0.3026315789473684,4.22
7,4,-128.23,123.39,99.2,1.29,0.143,76.0,1.0,0.11842105263157894,0.17105263157894737,0.3026315789473684,3.18
7,4,-125.27,126.92,136.7,1.29,0.143,76.0,1.0,0.11842105263157894,0.15789473684210525,0.2894736842105263,4.4
5,5,137.0,-167.82,40.7,1.29,0.143,76.0,1.0,0.07894736842105263,0.14473684210526316,0.23684210526315788,6.8
9,5,-95.81,360.0,239.7,1.29,0.143,76.0,1.0,0.11842105263157894,0.05263157894736842,0.18421052631578946,14.07
5,5,360.0,-172.59,71.8,1.29,0.143,76.0,1.0,0.05263157894736842,0.09210526315789473,0.15789473684210525,8.06
0,4,-142.28,133.8,64.9,1.29,0.143,76.0,1.0,0.09210526315789473,0.18421052631578946,0.2894736842105263,5.87
7,4,-112.9,120.02,89.3,1.29,0.143,76.0,1.0,0.11842105263157894,0.18421052631578946,0.3157894736842105,4.29
7,4,-118.9,144.81,124.3,1.29,0.143,76.0,1.0,0.11842105263157894,0.14473684210526316,0.27631578947368424,4.69
5,5,78.05,31.91,65.8,1.29,0.143,76.0,1.0,0.07894736842105263,0.14473684210526316,0.23684210526315788,5.74
9,5,-69.81,360.0,142.7,1.29,0.143,76.0,1.0,0.10526315789473684,0.13157894736842105,0.25,8.33
