res_id,sec_type,phi,psi,area,resolution,Rvalue,heavy_atom_counts,occupancy_values,packing_density1,packing_density2,packing_density3,B-factor
11,5,360.0,142.49,221.9,1.45,0.204,43.0,1.0,0.16279069767441862,0.13953488372093023,0.32558139534883723,4.83
8,5,-130.62,138.67,215.8,1.45,0.204,43.0,1.0,0.18604651162790697,0.16279069767441862,0.37209302325581395,1.33
5,5,-146.51,140.12,71.2,1.45,0.204,43.0,1.0,0.13953488372093023,0.18604651162790697,0.3488372093023256,2.74
0,5,-127.91,126.87,84.5,1.45,0.204,43.0,1.0,0.16279069767441862,0.20930232558139536,0.3953488372093023,1.05
7,5,-116.64,115.1,164.2,1.45,0.204,43.0,1.0,0.20930232558139536,0.20930232558139536,0.4418604651162791,2.42
7,5,-129.11,360.0,221.7,1.45,0.204,43.0,0.89,0.20930232558139536,0.11627906976744186,0.3488372093023256,4.89
