res_id,sec_type,phi,psi,area,resolution,Rvalue,heavy_atom_counts,occupancy_values,packing_density1,packing_density2,packing_density3,B-factor
4,5,360.0,360.0,288.4,1.09,0.112,39.0,1.0,0.1282051282051282,0.10256410256410256,0.2564102564102564,9.79
17,5,360.0,-45.3,170.7,1.09,0.112,39.0,1.0,0.1794871794871795,0.07692307692307693,0.28205128205128205,8.26
5,5,-60.74,-35.3,83.3,1.09,0.112,39.0,1.0,0.15384615384615385,0.1794871794871795,0.358974358974359,9.46
9,5,-75.44,360.0,206.5,1.09,0.112,39.0,1.0,0.1794871794871795,0.15384615384615385,0.358974358974359,7.43
13,5,360.0,360.0,278.4,1.09,0.112,39.0,1.0,0.15384615384615385,0.05128205128205128,0.23076923076923078,6.57
